{
  "_format": "hh-sol-cache-2",
  "files": {
    "/home/emamizia/projects/Decentralized-Vote/backend/contracts/Voting.sol": {
      "lastModificationDate": 1704538179332,
      "contentHash": "875403c17d352ded40efb3c251ac9ecf",
      "sourceName": "contracts/Voting.sol",
      "solcConfig": {
        "version": "0.8.19",
        "settings": {
          "optimizer": {
            "enabled": false,
            "runs": 200
          },
          "outputSelection": {
            "*": {
              "*": [
                "abi",
                "evm.bytecode",
                "evm.deployedBytecode",
                "evm.methodIdentifiers",
                "metadata"
              ],
              "": [
                "ast"
              ]
            }
          }
        }
      },
      "imports": [],
      "versionPragmas": [
        "^0.8.9"
      ],
      "artifacts": [
        "Voting"
      ]
    }
  }
}
